insert into
	Member (
		`MemberID`,
		`FirstName`,
		`MiddleName`,
		`LastName`,
		`DateofBirth`,
		`AddressID`,
		`StaffAcID`
	)
values
	(
		1,
		'Davide',
		'Stéphanie',
		'Dunnett',
		'2023-02-16 00:00:00',
		1,
		1
	),
	(
		2,
		'Elsa',
		'Néhémie',
		'Ravenscroft',
		'2023-07-21 00:00:00',
		2,
		2
	),
	(
		3,
		'Moselle',
		'Nadège',
		'Andover',
		'2022-10-18 00:00:00',
		3,
		3
	),
	(
		4,
		'Angil',
		'Frédérique',
		'Wickendon',
		'2023-06-14 00:00:00',
		4,
		4
	),
	(
		5,
		'Shannan',
		'Loïc',
		'Abrahmson',
		'2023-08-19 00:00:00',
		5,
		5
	),
	(
		6,
		'Bud',
		'Cunégonde',
		'Artus',
		'2023-09-09 00:00:00',
		6,
		6
	),
	(
		7,
		'Gonzales',
		'Pénélope',
		'Gillyatt',
		'2023-06-10 00:00:00',
		7,
		7
	),
	(
		8,
		'Ode',
		'Célia',
		'McLennan',
		'2023-08-15 00:00:00',
		8,
		8
	),
	(
		9,
		'Boniface',
		'Hélèna',
		'Strachan',
		'2023-09-07 00:00:00',
		9,
		9
	),
	(
		10,
		'Skyler',
		'Vérane',
		'Worg',
		'2023-08-30 00:00:00',
		10,
		10
	),
	(
		11,
		'Ransom',
		'Mylène',
		'Dallicoat',
		'2023-08-27 00:00:00',
		11,
		11
	),
	(
		12,
		'Persis',
		'Eléonore',
		'Durran',
		'2023-07-21 00:00:00',
		12,
		12
	),
	(
		13,
		'Drucie',
		'Estée',
		'Swayne',
		'2023-05-06 00:00:00',
		13,
		13
	),
	(
		14,
		'Amos',
		'Athéna',
		'Kellart',
		'2023-03-29 00:00:00',
		14,
		14
	),
	(
		15,
		'Field',
		'Alizée',
		'Paffett',
		'2022-12-16 00:00:00',
		15,
		15
	),
	(
		16,
		'Tonia',
		'Eloïse',
		'Newens',
		'2023-07-11 00:00:00',
		16,
		16
	),
	(
		17,
		'Cord',
		'Salomé',
		'Augustine',
		'2023-02-28 00:00:00',
		17,
		17
	),
	(
		18,
		'Kimble',
		'Lèi',
		'Farn',
		'2022-09-12 00:00:00',
		18,
		18
	),
	(
		19,
		'Ag',
		'Eléonore',
		'Landsman',
		'2023-01-21 00:00:00',
		19,
		19
	),
	(
		20,
		'Alica',
		'Marie-josée',
		'Tebbut',
		'2023-03-11 00:00:00',
		20,
		20
	),
	(
		21,
		'Starla',
		'Björn',
		'Marjot',
		'2022-10-24 00:00:00',
		21,
		21
	),
	(
		22,
		'Hyacinth',
		'Mélina',
		'Torbett',
		'2023-03-31 00:00:00',
		22,
		22
	),
	(
		23,
		'Alyson',
		'Béatrice',
		'Emmanueli',
		'2023-01-23 00:00:00',
		23,
		23
	),
	(
		24,
		'Bay',
		'Yè',
		'Goldthorp',
		'2022-11-21 00:00:00',
		24,
		24
	),
	(
		25,
		'Lewiss',
		'Gisèle',
		'Raittie',
		'2023-05-09 00:00:00',
		25,
		25
	),
	(
		26,
		'Corabelle',
		'Yè',
		'Joicey',
		'2023-02-02 00:00:00',
		26,
		26
	),
	(
		27,
		'Lane',
		'Laurélie',
		'La Padula',
		'2023-01-22 00:00:00',
		27,
		27
	),
	(
		28,
		'Nannie',
		'Amélie',
		'Snook',
		'2022-11-13 00:00:00',
		28,
		28
	),
	(
		29,
		'Warner',
		'Mylène',
		'Imason',
		'2023-04-04 00:00:00',
		29,
		29
	),
	(
		30,
		'Adelina',
		'Pål',
		'Daintrey',
		'2022-11-09 00:00:00',
		30,
		30
	),
	(
		31,
		'Rozella',
		'Daphnée',
		'Jakubovski',
		'2023-08-27 00:00:00',
		31,
		31
	),
	(
		32,
		'Gabi',
		'Zhì',
		'Cowhig',
		'2022-09-16 00:00:00',
		32,
		32
	),
	(
		33,
		'Kial',
		'Cléa',
		'Viccary',
		'2023-04-20 00:00:00',
		33,
		33
	),
	(
		34,
		'Oliviero',
		'Geneviève',
		'Lambal',
		'2022-10-29 00:00:00',
		34,
		34
	),
	(
		35,
		'Andres',
		'Estée',
		'Leah',
		'2023-07-31 00:00:00',
		35,
		35
	),
	(
		36,
		'Delmer',
		'Maëlyss',
		'Pinks',
		'2022-09-30 00:00:00',
		36,
		36
	),
	(
		37,
		'Dacia',
		'Sélène',
		'Kick',
		'2023-06-09 00:00:00',
		37,
		37
	),
	(
		38,
		'Sybilla',
		'Gaëlle',
		'Roocroft',
		'2023-02-17 00:00:00',
		38,
		38
	),
	(
		39,
		'Natividad',
		'Ruì',
		'Schwandt',
		'2023-08-13 00:00:00',
		39,
		39
	),
	(
		40,
		'My',
		'Sélène',
		'MacLise',
		'2023-04-19 00:00:00',
		40,
		40
	),
	(
		41,
		'Stacy',
		'Laurélie',
		'Keat',
		'2023-03-14 00:00:00',
		41,
		41
	),
	(
		42,
		'Kerrin',
		'Méng',
		'Lardge',
		'2023-07-09 00:00:00',
		42,
		42
	),
	(
		43,
		'Elladine',
		'Intéressant',
		'Blackboro',
		'2023-05-18 00:00:00',
		43,
		43
	),
	(
		44,
		'Josefa',
		'Audréanne',
		'Elsmor',
		'2023-06-11 00:00:00',
		44,
		44
	),
	(
		45,
		'Welsh',
		'Crééz',
		'Roobottom',
		'2023-01-08 00:00:00',
		45,
		45
	),
	(
		46,
		'Ruy',
		'Clélia',
		'Rachuig',
		'2023-03-31 00:00:00',
		46,
		46
	),
	(
		47,
		'Jeniffer',
		'Laurène',
		'Petracco',
		'2023-08-08 00:00:00',
		47,
		47
	),
	(
		48,
		'Maddie',
		'Anaëlle',
		'Crich',
		'2022-11-10 00:00:00',
		48,
		48
	),
	(
		49,
		'Ellyn',
		'Måns',
		'Currey',
		'2023-01-30 00:00:00',
		49,
		49
	),
	(
		50,
		'Otho',
		'Pål',
		'Woltering',
		'2022-12-27 00:00:00',
		50,
		50
	);

insert into
	Staff_Accountability (`StaffAcID`, `StaffID`, `Date`)
values
	(1, 1, '2023-08-15 00:00:00'),
	(2, 2, '2023-01-07 00:00:00'),
	(3, 3, '2023-01-20 00:00:00'),
	(4, 4, '2022-10-16 00:00:00'),
	(5, 5, '2022-10-31 00:00:00'),
	(6, 6, '2022-12-08 00:00:00'),
	(7, 7, '2023-08-10 00:00:00'),
	(8, 8, '2023-01-03 00:00:00'),
	(9, 9, '2022-12-24 00:00:00'),
	(10, 10, '2023-01-20 00:00:00'),
	(11, 11, '2023-02-06 00:00:00'),
	(12, 12, '2023-02-12 00:00:00'),
	(13, 13, '2023-09-03 00:00:00'),
	(14, 14, '2023-07-02 00:00:00'),
	(15, 15, '2022-12-31 00:00:00'),
	(16, 16, '2023-03-29 00:00:00'),
	(17, 17, '2023-01-09 00:00:00'),
	(18, 18, '2022-09-19 00:00:00'),
	(19, 19, '2022-11-08 00:00:00'),
	(20, 20, '2022-12-10 00:00:00'),
	(21, 21, '2022-12-20 00:00:00'),
	(22, 22, '2022-09-11 00:00:00'),
	(23, 23, '2022-12-12 00:00:00'),
	(24, 24, '2023-09-07 00:00:00'),
	(25, 25, '2023-04-22 00:00:00'),
	(26, 26, '2023-02-03 00:00:00'),
	(27, 27, '2023-01-25 00:00:00'),
	(28, 28, '2023-04-13 00:00:00'),
	(29, 29, '2023-07-24 00:00:00'),
	(30, 30, '2022-11-12 00:00:00'),
	(31, 31, '2022-10-30 00:00:00'),
	(32, 32, '2023-03-21 00:00:00'),
	(33, 33, '2023-05-05 00:00:00'),
	(34, 34, '2023-03-11 00:00:00'),
	(35, 35, '2023-06-20 00:00:00'),
	(36, 36, '2023-01-24 00:00:00'),
	(37, 37, '2023-01-20 00:00:00'),
	(38, 38, '2023-06-07 00:00:00'),
	(39, 39, '2023-06-09 00:00:00'),
	(40, 40, '2022-11-12 00:00:00'),
	(41, 41, '2023-06-15 00:00:00'),
	(42, 42, '2023-09-09 00:00:00'),
	(43, 43, '2023-08-27 00:00:00'),
	(44, 44, '2022-10-18 00:00:00'),
	(45, 45, '2023-08-06 00:00:00'),
	(46, 46, '2023-08-13 00:00:00'),
	(47, 47, '2023-08-26 00:00:00'),
	(48, 48, '2023-09-03 00:00:00'),
	(49, 49, '2022-11-13 00:00:00'),
	(50, 50, '2023-03-26 00:00:00');

insert into
	Staff (
		`StaffID`,
		`FirstName`,
		`MiddleName`,
		`LastName`,
		`DateofBirth`,
		`AddressID`,
		`StaffAcID`,
		`Role`,
		`Password`
	)
values
	(
		1,
		'Reta',
		'Salomé',
		'Costley',
		'2023-05-29 00:00:00',
		1,
		1,
		'hV8!F~@wz5/~'
	),
	(
		2,
		'Betsey',
		'Rachèle',
		'Jenik',
		'2023-03-23 00:00:00',
		2,
		2,
		'fT9&(fo!!K'''
	),
	(
		3,
		'Gus',
		'Adélie',
		'Lorimer',
		'2023-09-06 00:00:00',
		3,
		3,
		'fL4<*5*qJTb1/'
	),
	(
		4,
		'Elga',
		'Adélie',
		'Creighton',
		'2023-01-01 00:00:00',
		4,
		4,
		'uX8_K7F/'
	),
	(
		5,
		'Simonette',
		'Danièle',
		'Eddisforth',
		'2023-01-25 00:00:00',
		5,
		5,
		'tH3<$XjKb!&zwH'
	),
	(
		6,
		'Cayla',
		'Méline',
		'Smallsman',
		'2023-04-05 00:00:00',
		6,
		6,
		'lF9_1kk)PGj'
	),
	(
		7,
		'Micki',
		'Ráo',
		'Makiver',
		'2023-02-25 00:00:00',
		7,
		7,
		'kO9+i)e#ENu'
	),
	(
		8,
		'Billie',
		'Océanne',
		'Silmon',
		'2023-05-15 00:00:00',
		8,
		8,
		'vF3@6GSQ#kZ'
	),
	(
		9,
		'Theda',
		'Marie-noël',
		'Ellins',
		'2023-04-07 00:00:00',
		9,
		9,
		'jI2<K69M)'
	),
	(
		10,
		'Clotilda',
		'Personnalisée',
		'Hatchette',
		'2022-12-13 00:00:00',
		10,
		10,
		'sB8=\o0F696zZ7'
	),
	(
		11,
		'Scotty',
		'Mylène',
		'Jouhan',
		'2023-08-27 00:00:00',
		11,
		11,
		'cA3|).yW>r54S_6I'
	),
	(
		12,
		'Archaimbaud',
		'Ruò',
		'Mielnik',
		'2023-04-18 00:00:00',
		12,
		12,
		'fX8($rp{R5B1!f>'
	),
	(
		13,
		'Lianna',
		'Faîtes',
		'MacCleay',
		'2023-04-18 00:00:00',
		13,
		13,
		'sT8/Ow7FklR!X3Of'
	),
	(
		14,
		'Aeriell',
		'Eliès',
		'Tern',
		'2023-05-07 00:00:00',
		14,
		14,
		'iA5~4i%hfbttV'
	),
	(
		15,
		'Charles',
		'Maëlys',
		'Trowl',
		'2023-07-03 00:00:00',
		15,
		15,
		'vU9"o#BF6M%I'
	),
	(
		16,
		'Artemis',
		'Pål',
		'Addicote',
		'2023-02-18 00:00:00',
		16,
		16,
		'pW5<YZp.3u>>N.''4'
	),
	(
		17,
		'Steve',
		'Lén',
		'Eam',
		'2022-09-15 00:00:00',
		17,
		17,
		'kA5@#xsP'
	),
	(
		18,
		'Garnette',
		'Östen',
		'Clineck',
		'2023-01-24 00:00:00',
		18,
		18,
		'mW9,Dv3|&J6f1Tsv'
	),
	(
		19,
		'Hillary',
		'Athéna',
		'Andrysek',
		'2023-06-29 00:00:00',
		19,
		19,
		'lG5/=PYe'
	),
	(
		20,
		'Emyle',
		'Marie-thérèse',
		'Graham',
		'2022-09-20 00:00:00',
		20,
		20,
		'tI4.9g"7%Le''o/'
	),
	(
		21,
		'Hermon',
		'Bérengère',
		'Baiss',
		'2022-11-24 00:00:00',
		21,
		21,
		'sL5?UFD0E#SW>_'
	),
	(
		22,
		'Eugine',
		'Yè',
		'McClary',
		'2023-07-11 00:00:00',
		22,
		22,
		'hT8)WB%=|'
	),
	(
		23,
		'Sandye',
		'Yè',
		'Culbert',
		'2023-07-20 00:00:00',
		23,
		23,
		'nB6!Np\_&TwD.('
	),
	(
		24,
		'Justinn',
		'Märta',
		'Maasz',
		'2023-01-11 00:00:00',
		24,
		24,
		'vC8{0%kZn8ULH'
	),
	(
		25,
		'Quinlan',
		'Eléa',
		'Pelos',
		'2022-12-02 00:00:00',
		25,
		25,
		'rI5*Tys,$Ru+qs%'
	),
	(
		26,
		'Moe',
		'Dafnée',
		'Lazar',
		'2023-07-29 00:00:00',
		26,
		26,
		'pJ6~F`8StxB{5CF'
	),
	(
		27,
		'Flynn',
		'Cécile',
		'Russe',
		'2022-10-12 00:00:00',
		27,
		27,
		'bC2@''6}J{BD'
	),
	(
		28,
		'Jerrine',
		'Personnalisée',
		'Gotthard.sf',
		'2022-11-10 00:00:00',
		28,
		28,
		'wV3$R/9X_'
	),
	(
		29,
		'Cecil',
		'Anaïs',
		'Botton',
		'2023-07-16 00:00:00',
		29,
		29,
		'lU4}\(DC&x5'
	),
	(
		30,
		'Inez',
		'Ráo',
		'Haydn',
		'2023-03-03 00:00:00',
		30,
		30,
		'zE6.+u3gCQ!\?M'
	),
	(
		31,
		'Diena',
		'André',
		'Aindrais',
		'2023-01-17 00:00:00',
		31,
		31,
		'rV3!x&,+'
	),
	(
		32,
		'Mata',
		'Mélodie',
		'Rodder',
		'2023-08-03 00:00:00',
		32,
		32,
		'dW7`e,4k2Aix"'
	),
	(
		33,
		'Saudra',
		'Méghane',
		'Bannell',
		'2023-06-18 00:00:00',
		33,
		33,
		'mZ1\2.`4V$`itduY'
	),
	(
		34,
		'Cleon',
		'Célia',
		'McGaraghan',
		'2023-03-16 00:00:00',
		34,
		34,
		'oN9"0r8K4`a4`'
	),
	(
		35,
		'Ruby',
		'Gisèle',
		'Dundon',
		'2022-10-08 00:00:00',
		35,
		35,
		'uR6@@))ys"F?'
	),
	(
		36,
		'Christye',
		'Inès',
		'Kalkofen',
		'2022-12-27 00:00:00',
		36,
		36,
		'wL3$6hN#OL$4'
	),
	(
		37,
		'Reeta',
		'Illustrée',
		'Compson',
		'2023-02-22 00:00:00',
		37,
		37,
		'dH0)c9zd(Mb$#C0U'
	),
	(
		38,
		'Carmina',
		'Océanne',
		'MacGinney',
		'2023-07-02 00:00:00',
		38,
		38,
		'mZ8?FYd{WOI'
	),
	(
		39,
		'Fiann',
		'Bénédicte',
		'Glendzer',
		'2022-12-26 00:00:00',
		39,
		39,
		'xJ7+8D,jPRh'
	),
	(
		40,
		'Sonja',
		'Maëlyss',
		'Renison',
		'2022-12-03 00:00:00',
		40,
		40,
		'mG4=,YOkiG*hc_$q'
	),
	(
		41,
		'Petronia',
		'Estée',
		'Chrstine',
		'2023-06-14 00:00:00',
		41,
		41,
		'kV0~LS7x$)n@ou0'
	),
	(
		42,
		'Jacquelyn',
		'Adélie',
		'Desseine',
		'2023-05-21 00:00:00',
		42,
		42,
		'kY1%xr0('
	),
	(
		43,
		'Filippa',
		'Rébecca',
		'Haggett',
		'2023-07-06 00:00:00',
		43,
		43,
		'rP0@0#Uv'
	),
	(
		44,
		'Dulcea',
		'Maïlys',
		'Echalier',
		'2023-06-10 00:00:00',
		44,
		44,
		'eK8.1&<ayK|P!'
	),
	(
		45,
		'Malachi',
		'Régine',
		'Bamling',
		'2023-09-09 00:00:00',
		45,
		45,
		'kO4#Z.V"|oV'
	),
	(
		46,
		'Morna',
		'Kuí',
		'Ingray',
		'2023-07-04 00:00:00',
		46,
		46,
		'jH6/i9?exX'
	),
	(
		47,
		'Hatty',
		'Gaétane',
		'Cretney',
		'2023-02-28 00:00:00',
		47,
		47,
		'hM6,2i*lXZ{#}'
	),
	(
		48,
		'Esmaria',
		'Clémentine',
		'Kaplan',
		'2023-02-15 00:00:00',
		48,
		48,
		'dP1?fSo?JPzD'
	),
	(
		49,
		'Gwen',
		'Françoise',
		'Waldron',
		'2023-03-29 00:00:00',
		49,
		49,
		'mC3@m%Q9l"X8/?,E'
	),
	(
		50,
		'Stephana',
		'Ráo',
		'Besnardeau',
		'2023-07-07 00:00:00',
		50,
		50,
		'uW3,VuAlOm.@.Y|'
	);

insert into
	Address (
		`AddressID`,
		`StreetAddress`,
		`Suburb`,
		`Postcode`,
		`State`
	)
values
	(1, 'Bonner', 'Sydney', 1134, 'NSW'),
	(
		2,
		'Butternut',
		'Adelaide Mail Centre',
		5889,
		'SA'
	),
	(3, 'West', 'Adelaide Mail Centre', 5869, 'SA'),
	(4, 'Clove', 'Sydney', 1109, 'NSW'),
	(5, 'Shasta', 'Sydney', 1206, 'NSW'),
	(6, 'Esker', 'Sydney', 1171, 'NSW'),
	(
		7,
		'Saint Paul',
		'Eastern Suburbs Mc',
		1315,
		'NSW'
	),
	(8, 'Cascade', 'Sydney', 1109, 'NSW'),
	(9, 'Colorado', 'Sydney', 1033, 'NSW'),
	(10, 'Carey', 'Sydney', 1043, 'NSW'),
	(11, 'Browning', 'Sydney', 1191, 'NSW'),
	(12, 'Holy Cross', 'Sydney', 1109, 'NSW'),
	(13, 'Sunfield', 'Brisbane', 9010, 'QLD'),
	(14, 'Cordelia', 'Adelaide', 5839, 'SA'),
	(15, 'Calypso', 'Hobart', 7803, 'TAS'),
	(16, 'Holy Cross', 'Sydney', 1028, 'NSW'),
	(17, 'Westridge', 'Melbourne', 8045, 'VIC'),
	(18, 'Chive', 'Sydney', 1171, 'NSW'),
	(
		19,
		'Tennyson',
		'Adelaide Mail Centre',
		5889,
		'SA'
	),
	(20, 'Lakewood Gardens', 'Perth', 6843, 'WA'),
	(21, 'Russell', 'Sydney', 1171, 'NSW'),
	(22, 'Prairieview', 'Sydney', 1171, 'NSW'),
	(23, 'Vera', 'Sydney', 1206, 'NSW'),
	(24, 'Texas', 'Sydney', 1028, 'NSW'),
	(25, 'Scofield', 'Sydney', 1171, 'NSW'),
	(26, 'Kedzie', 'Launceston', 7904, 'TAS'),
	(27, 'Dapin', 'Melbourne', 8045, 'VIC'),
	(28, 'Dottie', 'Hobart', 7808, 'TAS'),
	(29, 'Leroy', 'Sydney', 1028, 'NSW'),
	(30, 'Granby', 'Brisbane', 9010, 'QLD'),
	(31, 'Farragut', 'Melbourne', 8383, 'VIC'),
	(32, 'Jackson', 'Launceston', 7904, 'TAS'),
	(33, 'Logan', 'Sydney', 1028, 'NSW'),
	(
		34,
		'American Ash',
		'Australia Square',
		1213,
		'NSW'
	),
	(35, 'Alpine', 'Australia Square', 1213, 'NSW'),
	(36, 'Fallview', 'Hobart', 7803, 'TAS'),
	(37, 'Sullivan', 'Sydney', 1161, 'NSW'),
	(38, 'Nova', 'Sydney', 1181, 'NSW'),
	(39, 'Banding', 'Sydney', 1206, 'NSW'),
	(40, 'Steensland', 'Launceston', 7916, 'TAS'),
	(41, 'Roth', 'Australia Square', 1213, 'NSW'),
	(42, 'Charing Cross', 'Sydney', 1171, 'NSW'),
	(43, 'Florence', 'Sydney', 1134, 'NSW'),
	(44, 'Novick', 'Sydney', 1009, 'NSW'),
	(45, 'Golf', 'Sydney', 1140, 'NSW'),
	(46, 'Trailsway', 'Launceston', 7916, 'TAS'),
	(47, 'Schmedeman', 'Sydney', 1009, 'NSW'),
	(48, 'Stuart', 'Melbourne', 8045, 'VIC'),
	(49, 'Fisk', 'Adelaide', 5839, 'SA'),
	(50, 'Farragut', 'Hobart', 7803, 'TAS');

insert into
	Product (
		`ProductID`,
		`Name`,
		`Supplier`,
		`Price`,
		`Description`,
		`StaffAcID`
	)
values
	(
		1,
		'Cheese - Marble',
		'Purdy-O''Kon',
		15,
		'pellentesque viverra pede ac diam cras pellentesque volutpat dui maecenas tristique est et tempus semper est quam',
		1
	),
	(
		2,
		'Madeira',
		'Corwin, Durgan and Larson',
		61,
		'rhoncus dui vel sem sed sagittis nam congue risus semper',
		2
	),
	(
		3,
		'Red Cod Fillets - 225g',
		'Legros-Collier',
		45,
		'non lectus aliquam sit amet diam in magna bibendum imperdiet nullam',
		3
	),
	(
		4,
		'Bagel - Whole White Sesame',
		'Bartell-Stoltenberg',
		19,
		'pede justo lacinia eget tincidunt eget tempus vel pede morbi porttitor lorem id ligula suspendisse ornare consequat lectus',
		4
	),
	(
		5,
		'Fish - Bones',
		'Raynor, Ernser and Bogisich',
		42,
		'vestibulum vestibulum ante ipsum primis in faucibus orci luctus et ultrices posuere',
		5
	),
	(
		6,
		'Mangoes',
		'Schowalter-Mueller',
		80,
		'ultrices posuere cubilia curae nulla dapibus dolor vel est donec odio justo sollicitudin',
		6
	),
	(
		7,
		'Butter Balls Salted',
		'Kulas-Bergnaum',
		35,
		'vitae consectetuer eget rutrum at lorem integer tincidunt ante vel ipsum praesent blandit lacinia erat vestibulum sed magna at',
		7
	),
	(
		8,
		'Pepper - Orange',
		'Hermiston Inc',
		51,
		'justo etiam pretium iaculis justo in hac habitasse platea dictumst etiam faucibus cursus urna ut tellus',
		8
	),
	(
		9,
		'Lobster - Base',
		'Metz, Stiedemann and Gislason',
		7,
		'a libero nam dui proin leo odio porttitor id consequat in consequat ut',
		9
	),
	(
		10,
		'Chicken - Ground',
		'Walker-Johnston',
		47,
		'vitae quam suspendisse potenti nullam porttitor lacus at turpis donec posuere metus vitae ipsum aliquam non',
		10
	),
	(
		11,
		'Juice - Prune',
		'Ziemann and Sons',
		51,
		'mi pede malesuada in imperdiet et commodo vulputate justo in blandit ultrices enim',
		11
	),
	(
		12,
		'Bread - White Epi Baguette',
		'Kertzmann, Blanda and Reichert',
		57,
		'integer ac neque duis bibendum morbi non quam nec dui luctus rutrum',
		12
	),
	(
		13,
		'Lobster - Tail, 3 - 4 Oz',
		'Hintz-Lesch',
		32,
		'euismod scelerisque quam turpis adipiscing lorem vitae mattis nibh ligula nec sem duis aliquam convallis nunc proin at turpis',
		13
	),
	(
		14,
		'Pastry - Trippleberry Muffin - Mini',
		'Torp, Schinner and Hand',
		63,
		'interdum eu tincidunt in leo maecenas pulvinar lobortis est phasellus sit amet erat nulla tempus vivamus',
		14
	),
	(
		15,
		'Red Currants',
		'O''Keefe, Von and Toy',
		88,
		'platea dictumst morbi vestibulum velit id pretium iaculis diam erat fermentum justo nec condimentum neque sapien placerat ante nulla justo',
		15
	),
	(
		16,
		'Pork Loin Bine - In Frenched',
		'Hand, Corwin and O''Connell',
		73,
		'cum sociis natoque penatibus et magnis dis parturient montes nascetur ridiculus mus etiam vel augue vestibulum rutrum rutrum neque',
		16
	),
	(
		17,
		'Beef - Tenderloin - Aa',
		'Herzog, Schultz and Little',
		60,
		'nulla ultrices aliquet maecenas leo odio condimentum id luctus nec molestie sed justo pellentesque',
		17
	),
	(
		18,
		'Quail - Jumbo',
		'Rau-Kirlin',
		35,
		'vel accumsan tellus nisi eu orci mauris lacinia sapien quis libero nullam sit',
		18
	),
	(
		19,
		'Puff Pastry - Slab',
		'Willms-Kautzer',
		99,
		'hendrerit at vulputate vitae nisl aenean lectus pellentesque eget nunc donec quis',
		19
	),
	(
		20,
		'Crab - Dungeness, Whole, live',
		'Gerhold LLC',
		7,
		'non pretium quis lectus suspendisse potenti in eleifend quam a odio in',
		20
	),
	(
		21,
		'Rum - Cream, Amarula',
		'Kertzmann-Robel',
		52,
		'praesent lectus vestibulum quam sapien varius ut blandit non interdum in ante vestibulum ante ipsum primis in',
		21
	),
	(
		22,
		'Wine - Lamancha Do Crianza',
		'Greenfelder, Wuckert and Upton',
		8,
		'et commodo vulputate justo in blandit ultrices enim lorem ipsum dolor sit amet',
		22
	),
	(
		23,
		'Lobster - Tail 6 Oz',
		'Buckridge-Ruecker',
		61,
		'lacinia nisi venenatis tristique fusce congue diam id ornare imperdiet sapien urna pretium nisl ut',
		23
	),
	(
		24,
		'Wine - Jackson Triggs Okonagan',
		'Monahan-Schuster',
		92,
		'lectus pellentesque eget nunc donec quis orci eget orci vehicula condimentum curabitur',
		24
	),
	(
		25,
		'Chocolate - Semi Sweet',
		'Steuber, Veum and Cronin',
		25,
		'at vulputate vitae nisl aenean lectus pellentesque eget nunc donec quis orci eget orci vehicula condimentum curabitur in libero',
		25
	),
	(
		26,
		'Ham - Smoked, Bone - In',
		'Blick-Jones',
		73,
		'ac nibh fusce lacus purus aliquet at feugiat non pretium quis lectus suspendisse potenti in eleifend',
		26
	),
	(
		27,
		'Turkey - Breast, Bone - In',
		'Lockman and Sons',
		50,
		'ut blandit non interdum in ante vestibulum ante ipsum primis',
		27
	),
	(
		28,
		'Coffee Caramel Biscotti',
		'Auer Inc',
		2,
		'aliquam augue quam sollicitudin vitae consectetuer eget rutrum at lorem',
		28
	),
	(
		29,
		'Glass Clear 7 Oz Xl',
		'Huel and Sons',
		6,
		'primis in faucibus orci luctus et ultrices posuere cubilia curae duis',
		29
	),
	(
		30,
		'Cookie - Oreo 100x2',
		'Fisher, Kirlin and Harber',
		94,
		'molestie nibh in lectus pellentesque at nulla suspendisse potenti cras in',
		30
	),
	(
		31,
		'Chocolate - Unsweetened',
		'Yost Inc',
		58,
		'erat volutpat in congue etiam justo etiam pretium iaculis justo in hac habitasse platea dictumst etiam faucibus cursus urna ut',
		31
	),
	(
		32,
		'Carrots - Mini, Stem On',
		'Ritchie-Cruickshank',
		56,
		'congue vivamus metus arcu adipiscing molestie hendrerit at vulputate vitae nisl aenean lectus pellentesque eget',
		32
	),
	(
		33,
		'Table Cloth 120 Round White',
		'Casper-Kulas',
		36,
		'nisi eu orci mauris lacinia sapien quis libero nullam sit amet',
		33
	),
	(
		34,
		'Pie Filling - Apple',
		'Feest-Haag',
		29,
		'hendrerit at vulputate vitae nisl aenean lectus pellentesque eget nunc donec quis',
		34
	),
	(
		35,
		'Sproutsmustard Cress',
		'Lang, Mitchell and Rogahn',
		56,
		'sagittis sapien cum sociis natoque penatibus et magnis dis parturient montes nascetur ridiculus mus',
		35
	),
	(
		36,
		'Jagermeister',
		'Marvin, McCullough and Brekke',
		73,
		'sapien varius ut blandit non interdum in ante vestibulum ante ipsum primis in faucibus orci',
		36
	),
	(
		37,
		'Wine - Spumante Bambino White',
		'Schuster-Hermann',
		85,
		'dapibus nulla suscipit ligula in lacus curabitur at ipsum ac tellus semper interdum mauris ullamcorper purus sit amet',
		37
	),
	(
		38,
		'Puree - Blackcurrant',
		'Howe, Jaskolski and Spinka',
		78,
		'ac diam cras pellentesque volutpat dui maecenas tristique est et tempus semper',
		38
	),
	(
		39,
		'Fork - Plastic',
		'Greenholt LLC',
		95,
		'adipiscing lorem vitae mattis nibh ligula nec sem duis aliquam convallis',
		39
	),
	(
		40,
		'Oil - Safflower',
		'Terry, Flatley and Weissnat',
		17,
		'pellentesque at nulla suspendisse potenti cras in purus eu magna vulputate luctus cum sociis natoque',
		40
	),
	(
		41,
		'Nut - Almond, Blanched, Whole',
		'Abernathy Group',
		85,
		'diam id ornare imperdiet sapien urna pretium nisl ut volutpat sapien arcu sed augue aliquam',
		41
	),
	(
		42,
		'Ecolab - Medallion',
		'Koss, Gleason and Weimann',
		92,
		'arcu adipiscing molestie hendrerit at vulputate vitae nisl aenean lectus pellentesque eget nunc donec quis orci eget orci',
		42
	),
	(
		43,
		'Cup - 4oz Translucent',
		'Deckow-Cummings',
		97,
		'odio justo sollicitudin ut suscipit a feugiat et eros vestibulum ac est lacinia nisi',
		43
	),
	(
		44,
		'Oil - Sunflower',
		'Gerlach-Rutherford',
		99,
		'non quam nec dui luctus rutrum nulla tellus in sagittis dui',
		44
	),
	(
		45,
		'Soup - Campbells, Cream Of',
		'Ankunding-Yost',
		9,
		'sed augue aliquam erat volutpat in congue etiam justo etiam pretium iaculis justo in hac habitasse platea dictumst',
		45
	),
	(
		46,
		'Table Cloth 54x54 White',
		'Nikolaus, Wunsch and Beahan',
		50,
		'morbi non quam nec dui luctus rutrum nulla tellus in sagittis dui vel nisl duis ac nibh fusce lacus purus',
		46
	),
	(
		47,
		'Cheese - Mix',
		'Pfannerstill, Labadie and Mann',
		68,
		'lacus at velit vivamus vel nulla eget eros elementum pellentesque quisque porta volutpat erat quisque',
		47
	),
	(
		48,
		'Ecolab - Power Fusion',
		'Huels LLC',
		10,
		'sem praesent id massa id nisl venenatis lacinia aenean sit amet justo',
		48
	),
	(
		49,
		'Sugar - Fine',
		'Kemmer, Cremin and Anderson',
		30,
		'est donec odio justo sollicitudin ut suscipit a feugiat et eros vestibulum ac est lacinia nisi venenatis tristique fusce',
		49
	),
	(
		50,
		'Veal - Insides Provini',
		'Skiles-Schulist',
		57,
		'eros viverra eget congue eget semper rutrum nulla nunc purus phasellus',
		50
	);

insert into
	Sale (
		`SaleID`,
		`MemberID`,
		`Date`,
		`StaffAcID`
	)
values
	(1, 1, '2022-12-06 00:00:00', 1),
	(2, 2, '2023-03-08 00:00:00', 2),
	(3, 3, '2023-07-20 00:00:00', 3),
	(4, 4, '2023-03-09 00:00:00', 4),
	(5, 5, '2023-06-10 00:00:00', 5),
	(6, 6, '2023-04-17 00:00:00', 6),
	(7, 7, '2023-09-05 00:00:00', 7),
	(8, 8, '2023-01-26 00:00:00', 8),
	(9, 9, '2023-03-25 00:00:00', 9),
	(10, 10, '2022-12-24 00:00:00', 10),
	(11, 11, '2022-09-12 00:00:00', 11),
	(12, 12, '2023-03-26 00:00:00', 12),
	(13, 13, '2023-06-05 00:00:00', 13),
	(14, 14, '2023-05-31 00:00:00', 14),
	(15, 15, '2023-07-09 00:00:00', 15),
	(16, 16, '2022-10-10 00:00:00', 16),
	(17, 17, '2022-11-24 00:00:00', 17),
	(18, 18, '2023-02-14 00:00:00', 18),
	(19, 19, '2023-01-03 00:00:00', 19),
	(20, 20, '2023-08-04 00:00:00', 20),
	(21, 21, '2023-02-20 00:00:00', 21),
	(22, 22, '2023-01-02 00:00:00', 22),
	(23, 23, '2023-02-19 00:00:00', 23),
	(24, 24, '2022-09-29 00:00:00', 24),
	(25, 25, '2023-04-13 00:00:00', 25),
	(26, 26, '2023-03-20 00:00:00', 26),
	(27, 27, '2022-11-17 00:00:00', 27),
	(28, 28, '2023-03-23 00:00:00', 28),
	(29, 29, '2023-01-05 00:00:00', 29),
	(30, 30, '2022-09-21 00:00:00', 30),
	(31, 31, '2023-04-18 00:00:00', 31),
	(32, 32, '2023-07-11 00:00:00', 32),
	(33, 33, '2023-09-05 00:00:00', 33),
	(34, 34, '2023-08-29 00:00:00', 34),
	(35, 35, '2023-05-09 00:00:00', 35),
	(36, 36, '2023-01-11 00:00:00', 36),
	(37, 37, '2022-09-16 00:00:00', 37),
	(38, 38, '2023-05-30 00:00:00', 38),
	(39, 39, '2022-09-10 00:00:00', 39),
	(40, 40, '2023-04-01 00:00:00', 40),
	(41, 41, '2022-12-05 00:00:00', 41),
	(42, 42, '2023-04-12 00:00:00', 42),
	(43, 43, '2023-09-08 00:00:00', 43),
	(44, 44, '2022-12-19 00:00:00', 44),
	(45, 45, '2023-05-14 00:00:00', 45),
	(46, 46, '2023-02-21 00:00:00', 46),
	(47, 47, '2023-05-21 00:00:00', 47),
	(48, 48, '2022-12-25 00:00:00', 48),
	(49, 49, '2023-05-04 00:00:00', 49),
	(50, 50, '2023-07-23 00:00:00', 50);

insert into
	Sale_Line (
		`SaleID`,
		`LineNumber`,
		`ProductID`,
		`Quantity`
	)
values
	(1, 1, 1, 23),
	(1, 2, 50, 3),
	(1, 3, 30, 30),
	(2, 1, 2, 5),
	(2, 2, 12, 50),
	(2, 3, 45, 15),
	(2, 4, 23, 9),
	(3, 1, 3, 97),
	(4, 1, 4, 28),
	(5, 1, 5, 26),
	(6, 1, 6, 26),
	(7, 1, 7, 59),
	(8, 1, 8, 9),
	(9, 1, 9, 39),
	(10, 1, 10, 13),
	(11, 1, 11, 3),
	(12, 1, 12, 26),
	(13, 1, 13, 46),
	(13, 2, 16, 5),
	(14, 1, 14, 13),
	(15, 1, 15, 83),
	(16, 1, 16, 33),
	(17, 1, 17, 67),
	(18, 1, 18, 11),
	(19, 1, 19, 14),
	(20, 1, 20, 84),
	(21, 1, 21, 42),
	(22, 1, 22, 16),
	(23, 1, 23, 22),
	(24, 1, 24, 84),
	(25, 1, 25, 42),
	(26, 1, 26, 33),
	(27, 1, 27, 56),
	(28, 1, 28, 26),
	(29, 1, 29, 31),
	(30, 1, 30, 72),
	(31, 1, 31, 17),
	(32, 1, 32, 37),
	(33, 1, 33, 49),
	(34, 1, 34, 7),
	(35, 1, 35, 63),
	(36, 1, 36, 44),
	(37, 1, 37, 43),
	(38, 1, 38, 59),
	(39, 1, 39, 80),
	(40, 1, 40, 56),
	(41, 1, 41, 56),
	(42, 1, 42, 6),
	(43, 1, 43, 49),
	(44, 1, 44, 2),
	(45, 1, 45, 18),
	(46, 1, 46, 21),
	(47, 1, 47, 70),
	(48, 1, 48, 4),
	(49, 1, 49, 62),
	(50, 1, 50, 29);

insert into
	Role (`RoleID`, `RoleName`, `Description`)
values
	(1, 'Admin', 'Role for managers'),
	(2, 'Staff', 'Role for other employees');

insert into
	Staff_roles (`StaffID`, `RoleID`)
values
(1,1),
(2,1),
(3,1),
(4,1),
(5,1),
(6,1),
(7,1),
(8,1),
(9,1),
(10,1),
(11,2),
(12,2),
(13,2),
(14,2),
(15,2),
(16,2),
(17,2),
(18,2),
(19,2),
(20,2),
(21,2),
(22,2),
(23,2),
(24,2),
(25,2),
(26,2),
(27,2),
(28,2),
(29,2),
(30,2),
(31,2),
(32,2),
(33,2),
(34,2),
(35,2),
(36,2),
(37,2),
(38,2),
(39,2),
(40,2),
(41,2),
(42,2),
(43,2),
(44,2),
(45,2),
(46,2),
(47,2),
(48,2),
(49,2),
(50,2);

